Номер реестровой записи контракта;Заказчик: ИНН;Предмет контракта;Цена контракта;Информация о поставщиках (исполнителях, подрядчиках) по контракту: ИНН
'2753602440824000147';'7536024408';'Поставка изделия медицинского назначения: Стекло предметное и (или) слайд для микроскопии ИВД, одноразового использования ';'160 000,00';'7813631710'
'2890100486224000130';'8901004862';'Поставка лекарственных препаратов для медицинского применения';'2 880,00';'7718538045'
'2645111560824000047';'6451115608';'Поставка изделий медицинского назначения (загубник для дыхательного аппарата, одноразового использования)';'112 806,00';'5249164888'
'2583703956324000005';'5837039563';'Поставка жидкого антигололедного (противогололедного) реагента';'1 288 577,50';'5005066773'
'3380101302124000005';'3801013021';"'Учебники для муниципального бюджетного общеобразовательного учреждения ""Средняя общеобразовательная школа № 31""'";'828 359,40';'7715995942'
'1550400264824000196';'5504002648';'Поставка моющих и чистящих средств';'43 967,88';'8602212536'
'1540682723123000286';'5406827231';'Оказание услуг по обращению с твердыми коммунальными отходами (г.Омск, Степная, д.220)';'32 282,31';'5401381810'
'2143502651024000109';'1435026510';'Поставка лекарственных препаратов (МНН: Микафунгин)';'80 190,00';'9728068191'
'2860103092824000051';'8601030928';'Поставка палаток';'748 333,35';'860104701410'
'3352601458723000025';'3526014587';'Поставка продуктов питания';'698,66';'3528272706'
'2753602440823000598';'7536024408';'Поставка лекарственного(-ых) препарата(-ов)  для медицинского применения БЛЕОМИЦИН';'135 966,60';'3810085720'
'3524301424423000023';'5243014244';'Поставка холодильника фармацевтического для объекта «Строительство центра культурного развития в г. Арзамасе Нижегородской области»';'51 140,00';'5260353783'
'2663000221624000002';'6630002216';'Поставка продуктов питания';'18 603,21';'6623119453'
'2810701163422000005';'8107011634';"'Альбом ""Набойка Пермяцкого края""'";'212 000,00';'590304534083'
'2461500482524000029';'4615004825';'Поставка медицинских изделий (наборы для переливания крови)';'1 636,50';'5754004670'
'2027415999524000082';'0274159995';'Тент';'13 188,00';'027704251334'
'2860103583824000345';'8601035838';"'Поставка лекарственного препарата для медицинского применения Ривароксабан для обеспечения профилактики развития сердечно-сосудистых заболеваний и сердечно-сосудистых осложнений у пациентов высокого риска, находящихся на диспансерном наблюдении в Ханты-Мансийском автономном округе – Югре, в рамках реализации Регионального проекта ""Борьба с сердечно-сосудистыми заболеваниями"" в 2024 году'";'10 090,08';'5005066100'
'1550400264824000143';'5504002648';'Поставка специальной одежды';'790 000,00';'4345241533'
'2420534966424000373';'4205349664';'Поставка лекарственных препаратов (приобретение товаров в пользу граждан в целях их социального обеспечения)';'801 666,80';'7719481754'
'1540682723123000022';'5406827231';'услуги по обращению с твердыми коммунальными отходами';'17 043,00';'4205284801'
'2540211883724000002';'5402118837';'Поставка реагентов для анализатора Mindray 5300';'646 421,00';'5408130936'
'3027702333624000115';'0277023336';'Закупка ИМН (презервативы для УЗИ)';'31 000,00';'5262284366'
'3260501676124000025';'2605016761';'поставка фронтального погрузчика с ковшом для трактора МТЗ';'400 950,00';'2222796789'
'2810701163422000013';'8107011634';'декорации';'30 305,87';'810702846307'
'3524301424423000089';'5243014244';'Поставка столов для совещаний для объекта «Строительство центра культурного развития в г. Арзамасе Нижегородской области»';'24 960,00';'5260353783'
'2722300850324000254';'7223008503';'Поставка шин пневматических для легкового автомобиля';'674 700,00';'7206038628'
'2143502651024000022';'1435026510';'Поставка медицинских расходных материалов (Бахилы высокие, нарукавники стерильные, чехол для шнура и трубок)';'546 318,00';'2725090742'
'2222101661224000086';'2221016612';'Оказание услуг по дополнительному профессиональному образованию';'5 000,00';'2223605652'
'3031700605823000040';'0317006058';'Выполнение работ по уборке мусора и хозяйственных построек на земельных участках в границах МО ГП «п.Новый Уоян» в рамках пожарной безопасности';'625 557,82';'0317316814'
'3352601458723000023';'3526014587';'Поставка продуктов питания';'1 325,18';'3528269319'
'3614701580024000006';'6147015800';"'учебники, включенные в федеральный перечень учебников, предусмотренный Приложением № 1 к приказу Минпросвещения России от 21.09.2022 № 858 ""Об утверждении федерального перечня учебников, допущенных к использованию при реализации имеющих государственную аккредитацию образовательных программ начального общего, основного общего, среднего общего образования организациями, осуществляющими образовательную деятельность и установления передельного срока использования исключенных учебников""'";'1 606 984,50';'7715995942'
'3524301424423000088';'5243014244';'Поставка стола офисного углового для объекта «Строительство центра культурного развития в г. Арзамасе Нижегородской области»';'15 810,00';'5260353783'
'3744501682624000024';'7445016826';"'Мыло туалетное марки ""Детское""'";'10 617,04';'740400428980'
'2600000367623000257';'6000003676';'Поставка лекарственного препарата для медицинского применения Карбамазепин (в целях социального обеспечения граждан)';'752 502,00';'2636801680'
'2860103583824000187';'8601035838';'Поставка лекарственного препарата для медицинского применения Кеппра / МНН Леветирацетам для обеспечения отдельных категорий граждан, проживающих на территории Ханты-Мансийского автономного округа – Югры и страдающих некоторыми видами заболеваний, при лечении которых лекарственные средства, медицинские изделия и специализированные продукты лечебного питания предоставляются по рецептам за счет средств бюджета автономного округа в 2024 году.';'22 622,40';'2636052865'
'2143502651024000114';'1435026510';'Поставка лекарственных препаратов (МНН: Инозин+Меглюмин+Метионин+Никотинамид+Янтарная кислота)';'1 360 320,00';'2722053492'
'1272111807323000011';'2721118073';'Оказание услуг почтовой связи';'240 000,00';'7724490000,7724490000'
'2112100295024000006';'1121002950';'Поставка бумаги для офисной техники ';'62 078,25';'1101047705'
'2366501629224000055';'3665016292';'2024-01660. Поставка реагентов для лаборатории.';'197 256,91';'6165103256'
'3524301424423000087';'5243014244';'Поставка столов офисных 1500*600*750 для объекта «Строительство центра культурного развития в г. Арзамасе Нижегородской области»';'271 950,00';'5260353783'
'3352601458723000018';'3526014587';'Поставка продуктов питания';'521,25';'3528272706'
'2143502651024000110';'1435026510';'Поставка лекарственных препаратов (МНН: Цефазолин)';'141 644,25';'2540203506'
'3331300474624000003';'3313004746';'Поставка автобуса для перевозки детей';'4 400 000,00';'5252035755'
'3741100105024000030';'7411001050';'Поставка продукции радиоэлектронной промышленности (периферийные устройства для компьютера)';'270 175,49';'5258155640'
'2771903435424000058';'7719034354';'Поставка прошивных теплоизоляционных матов из минеральной ваты';'494 056,74';'7724448311'
'3524301424423000077';'5243014244';'Поставка трибуны для объекта «Строительство центра культурного развития в г. Арзамасе Нижегородской области»';'17 320,00';'5260353783'
'2143502651024000112';'1435026510';'Поставка лекарственных препаратов (МНН: Тиоктовая кислота)';'412 170,00';'7718538045'
'2890101718824000003';'8901017188';'Поставка рукавов пожарных напорных';'969 718,53';'6679125868'
'2773559885524000131';'7735598855';'Поставка газонокосилок самоходных для нужд ГБУ «Жилищник ЗелАО» в 2024 году.';'860 000,00';'672304197353'
'3745605170224000003';'7456051702';'Поставка канцелярских товаров';'1 962,44';'745500523250'
'3235100792224000008';'2351007922';'Поставка газа горючего природного и/или газа горючего природного сухого отбензиненного, и/или газа горючего природного попутного';'943 833,74';'2308070396'
'2540910569023000190';'5409105690';'Поставка продуктов питания (мясо кур) на 2024 год';'116 307,86';'5408142498'
'3027702333624000148';'0277023336';'Закупка расходного материала для аппарата ИВЛ (датчик потока)';'119 897,50';'1685011789'
'2591108100323000800';'5911081003';'Поставка канцелярских товаров (лот 3)';'85 450,20';'590400018275'
'2143502651024000108';'1435026510';'Поставка лекарственных препаратов (МНН: Олодатерол+Тиотропия бромид)';'170 781,60';'7718538045'
'3210000243924000011';'2100002439';'Зимнее содержание улично-дорожной сети (очистке дорог от снега) Кировского территориального отдела Ибресинского муниципального округа Чувашской Республики протяженностью 14,3 км на 2024 год';'221 555,69';'2105005786'
'3745605170224000005';'7456051702';'Поставка канцелярских товаров';'9 730,34';'745500523250'
'3560300940423000001';'5603009404';'Оказание услуг по изготовлению и монтажу сеток для хранения картин';'1 805 600,00';'5903030414'
'2272109253024000005';'2721092530';'Поставка продукции радиоэлектронной промышленности';'1 642 443,51';'6501268017'
'3242400534124000009';'2424005341';'ЭА-№-4167/24 «Поставка предметов хозяйственно бытового назначения г. Красноярск и прилегающие территории, 2024-2025 гг. (617,126-н,ИНВ, СМП)»';'18 464,80';'2411027524'
'3860402827523000008';'8604028275';'Услуги  охраны';'141 188,38';'0276967243'
'2751400047423000072';'7514000474';'ЛЕВОФЛОКСАЦИН (00009542-ЭА-ст)';'15 089,25';'2801056707'
'2301504494423000100';'3015044944';'Поставка молока питьевого';'1 380 834,32';'301804819738'
'2143502651024000107';'1435026510';'Поставка лекарственных препаратов (МНН: Цефтаролина фосамил)';'1 509 000,00';'7718538045'
'3232701211023000025';'2327012110';'Услуги по эксплуатации и техническому обслуживанию газовой котельной';'636 646,16';'2312168267'
'2380310109724000097';'3803101097';'Поставка лекарственного препарата для медицинского применения Иммуноглобулин человека нормальный';'1 658 300,00';'7701213835'
'3742201794324000014';'7422017943';'Выполнение работ по содержанию детской игровой площадки в пос. Новогорный';'76 006,84';'742207729990'
'3753800050822000001';'7538000508';'Оказание услуг по энергоснабжению';'42 367,25';'5501231424'
'3183504155221000034';'1835041552';'№ 42975 Рыба для учреждений Первомайского района г. Ижевска';'91 409,83';'1835049745'
'2591821467924000047';'5918214679';'Поставка мебели медицинской (шкаф металлический)';'158 740,00';'5948071001'
'2751400047424000001';'7514000474';'Цианокобаламин (00012044-ЭА-ст)';'3 313,35';'2801056707'
'2025700243324000091';'0257002433';'закупка расходных материалов для клинико-диагностической лаборатории ГБУЗ РБ Бирская ЦРБ';'107 220,81';'7805479460'
'2410800140924000018';'4108001409';'Поставка канцелярских товаров';'11 989,92';'5402546938'
'1540682723123000274';'5406827231';'Оказание услуги на разработку проектно-сметной документации на капитальный ремонт внутренних помещений в здании объекта культурного наследия (памятника истории и культуры) народов Российской Федерации по адресу: город Красноярск, ул. Мира, дом 112»';'1 718 500,00';'2466219754'
'3741400642624000005';'7414006426';'Поставка баннера';'3 140,00';'741706430570'
'3745605170224000004';'7456051702';'Поставка канцелярских товаров';'63 728,24';'6658448949'
'3231507129524000046';'2315071295';'Кулер для воды';'140 000,00';'2315089655'
'2410800140924000015';'4108001409';'Поставка канцелярских товаров';'5 024,00';'5402546938'
'3242400534124000012';'2424005341';'ЭА-№-4165/24 «Поставка средства личной гигиены г. Красноярск и прилегающие территории, 2024-2025 гг. (ИНВ,УГЛ)»';'4 586,00';'2411027524'
'1540682723123000272';'5406827231';'Поставка холодной воды (г. Норильск)';'3 418,43';'2457058356'
'2773559885524000139';'7735598855';"'Поставка трубы для кабеля для ГБУ ""Жилищник ЗелАО"" в 2024 году'";'326 999,98';'770802967741'
'1320100189924000025';'3201001899';'Оказание услуг по передаче неисключительных прав (лицензий) на использование операционной системы РЕД ОС с инсталляционным комплектом.';'561 200,00';'3257085280'
'2272109253024000027';'2721092530';'Поставка весов лабораторных в рамках создания и функционирования детских технопарков ''Кванториум'' на базе общеобразовательных организаций регионального проекта ''Современная школа'' национального проекта ''Образование''';'382 165,04';'7720646256'
'2410800140924000016';'4108001409';'Поставка канцелярских товаров';'20 490,98';'5402546938'
'2272300112024000076';'2723001120';'Повязка для трахеостомической трубки, стерильная ';'10 000,00';'2723071046'
'3231507129524000036';'2315071295';'Поставка товара (микросотовый телефон)';'117 580,00';'5903064460'
'1540682723123000293';'5406827231';'Поставка электрической энергии (г. Норильск)';'7 100,00';'2457058356'
'2591821467924000095';'5918214679';'Изготовление  бланочной продукции ';'18 865,76';'591802201917'
'1482500163724000049';'4825001637';'Лакокрасочная продукция и расходные материалы';'112 658,00';'4800003008'
'3162800633424000002';'1628006334';"'Приобретение бумаги для офисной техники для нужд МКУ ""Финансово-бюджетная палата Мензелинского муниципального района Республики Татарстан""'";'34 780,00';'1656033379'
'2461500482524000031';'4615004825';'Поставка медицинских расходных материалов (салфетки антисептические)';'6 624,80';'4631013496'
'2410800140924000017';'4108001409';'Поставка канцелярских товаров';'16 955,30';'5402546938'
'2541410088022000693';'5414100880';'Услуги в области технического регулирования, стандартизации, метрологии, аккредитации, каталогизации продукции';'30 759,96';'5408006618'
'2860221042624000008';'8602210426';'Создание части произведения искусства - музыкальное (звуковое) оформление для использования в спектакле под рабочим названием «Дама с собачкой» по рассказу  А.П. Чехова «Дама с собачкой»';'212 800,00';'545209157330'
'1702403854223000624';'7024038542';'Поставка товара (Набор реагентов)';'2 299 440,00';'5408232800'
'2631819736724000660';'6318197367';'Поставка медицинских изделий: стерилизатор сухожаровой';'533 777,00';'6952007610'
'3620700124124000012';'6207001241';'Приобретение жилого помещения (квартиры) для детей-сирот и детей, оставшихся без попечения родителей, лиц из числа детей-сирот и детей,оставшихся без попечения родителей';'1 734 561,18';'222408508402'
'3564202129024000014';'5642021290';'Поставка канцелярских товаров';'18 076,77';'561600087487'
'3164403654424000005';'1644036544';'Поставка мусорных мешков';'4 840,62';'164411530228'
'2661204921123000296';'6612049211';'Поставка изделий медицинского назначения';'81 840,00';'5030085025'
'1320100189924000021';'3201001899';'Поставка носителей ключевой и идентификационной информации.';'58 372,90';'7328109869'
'1420903098124000018';'4209030981';'Поставка бумаги для офисной техники';'1 091 850,00';'2221005804'
'2372901059524000249';'3729010595';'Поставка лекарственного препарата для медицинского применения (МНН – Деносумаб) для государственных нужд Ивановской области';'468 479,00';'5027083476'
'2025700243323000373';'0257002433';'Закупка изделий медицинского назначения (Средство гемостатическое неорганического происхождения, стерильное) на 2023-2024 гг.';'15 942,85';'021900769080'
'1434800457023000057';'4348004570';'Услуги по обращению с твердыми коммунальными отходами';'107 286,31';'4346049110'
'2661204921124000300';'6612049211';'Поставка мешков мусорных';'40 906,25';'667471308675'
'1301702466124000064';'3017024661';'Поставка термотрансферной ленты, разрушающихся этикеток';'39 392,39';'3025003489'
'2263300117124000087';'2633001171';"'Поставка лекарственного препарата ""ГУСЕЛЬКУМАБ"" для медицинского применения для обеспечения нужд Ставропольского края'";'2 478 098,70';'7731241639'
'3743100395424000005';'7431003954';'Поставка продуктов питания Сок Фруктовый';'27 915,30';'741109827469'
'1770417934024000010';'7704179340';'Поставка канцелярских и хозяйственных товаров для нужд организации';'266 017,50';'132708963808'
'2650102632124000077';'6501026321';'Поставка канцелярских товаров';'9 684,53';'650114677965'
'2027806783324000085';'0278067833';'Поставка расходного материала для сантехнических работ';'80 000,00';'7813257774'
'3668400311024000008';'6684003110';'Поставка бумаги для офисной техники (Лот 1)';'12 417,75';'665899274561'
'1702403854223000588';'7024038542';'Поставка медицинского изделия - Анализатор биохимический одноканальный ИВД, лабораторный, автоматический';'3 044 700,00';'6318139990'
'2781020817624000021';'7810208176';'Поставка тряпок для мытья пола в 2024 году';'54 804,50';'784043180771'
'2631819736724001079';'6318197367';'Поставка лекарственного препарата «Минирин» по решению врачебной комиссии в рамках льготного лекарственного обеспечения на 2024 год';'37 923,60';'7718538045'
'1451001025024000045';'4510010250';'ОКАЗАНИЕ УСЛУГ ПО ОФОРМЛЕНИЮ И РЕГИСТРАЦИИ СЕРТИФИКАТА И ДЕКЛАРАЦИИ ШВЕЙНОЙ ПРОДУКЦИИ';'23 953,32';'8601067759'
'1420903098124000024';'4209030981';'Поставка пакетов почтовых пластиковых';'91 660,00';'780624421747'
'2860102283923000032';'8601022839';'поставка оборудования для модернизации системы контроля и управления доступом и выполнение работ по его монтажу, первичному запуску и настройке';'6 983 743,72';'7203509558'
'3612700901224000002';'6127009012';'Оказание услуг по организации отдыха и оздоровления детей в марте 2024 года.';'1 979 577,32';'6154568203'
'2372901059524000263';'3729010595';'Поставка лекарственного препарата для медицинского применения МНН – Риоцигуат для государственных нужд Ивановской области';'1 397 051,04';'7726311464'
'2860901303224000019';'8609013032';'Оказание услуг по техническому обслуживанию медицинского оборудования';'78 743,33';'1654042272'
'2027806783324000086';'0278067833';'Поставка сантехнических изделий';'50 000,00';'7813257774'
'3301603285324000007';'3016032853';'Поставка учебников и учебных пособий';'63 539,85';'7707329674'
'2650102632124000125';'6501026321';'Поставка лекарственного препарата для медицинского применения ВЕЛПАТАСВИР+СОФОСБУВИР';'2 604 535,92';'2543033066'
'2312303240023000015';'3123032400';'Поставка медицинских изделий контейнер для отходов с биологическими загрязнениями на 2024 год';'3 834,92';'7806583985'
'1770417934024000012';'7704179340';'Поставка канцелярских и хозяйственных товаров для нужд организации';'35 931,10';'772749755742'
'2301501311023000058';'3015013110';'Поставка лекарственного препарата для медицинского применения: «Ботулинический токсин типа A- гемагглютинин комплекс»';'2 098 000,00';'7843014747'
'2860103092824000045';'8601030928';'Поставка перчаток';'344 514,18';'1215067374'
'2860901303224000010';'8609013032';'Поставка перчаток медицинских';'567 107,00';'8603222093'
'2631819736724000989';'6318197367';'Поставка лекарственного препарата «Эпоэтин альфа» в рамках льготного лекарственного обеспечения на 2024 год';'576 806,10';'5406592156'
'3642600074823000006';'6426000748';'Капитальный ремонт здания Питерский РДК МБУК «ЦКС» Питерского муниципального района Саратовской области», расположенного по адресу 413320, Саратовская область, Питерский район, с.Питерка, ул. Ленина, д.102';'19 742 617,82';'6452924320'
'1025500277324000060';'0255002773';'Поставка посуды столовой из фарфора';'20 934,00';'024501185426'
'1451001025024000054';'4510010250';'ПРИОБРЕТЕНИЕ КОМПЬЮТЕРА ПЕРСОНАЛЬНОГО НАСТОЛЬНОГО (МОНОБЛОК) в сфере ИКТ';'142 193,33';'4027141849'
'2541410088023000562';'5414100880';'Поставка лекарственных средств';'304 244,00';'7729418511'
'1025500277324000052';'0255002773';"'Поставка изделий пластмассовых: знака предупреждающего ""Мокрый пол""'";'12 439,49';'024501185426'
'2772106287024000128';'7721062870';'Поставка расходных материалов для нужд отделения переливания крови «ГВВ № 2 ДЗМ» в 2024 году (2)';'2 955 277,20';'771872549468'
'3590419454223000006';'5902066070';'Ремонт ул. Революции на участках  от ул. Максима Горького до ул. Николая Островского, от ул. Николая Островского до ул. Бульвар Гагарина и технического проезда по ул. Революции. Постановление администрации города Перми от 20.10.2021 № 917 МПП  1.1.1.3.1.10, 1.1.1.3.1.11, 1.1.1.3.1.12';'174 362 635,63';'7451048960'
'1702403854224000207';'7024038542';'Выполнение работ по ремонту медицинского оборудования для эндоскопии.';'754 000,00';'5504212860'
'1451001025024000059';'4510010250';'Шкаф хозяйственный металлический';'53 138,00';'7203388335'
'2632502429124000025';'6325024291';'Поставка расходных материалов для бактериологической лаборатории для нужд Государственного бюджетного учреждения здравоохранения Самарской области ''Сызранский противотуберкулёзный диспансер'' ';'11 900,00';'7457007914'
'1191000451324000092';'1910004513';'Поставка стоматологических инструментов и приспособлений';'11 873,34';'544526249808'
'3183504155221000010';'1835041552';'№ 17391 Бакалейные продукты питания 4 для учреждений Первомайского района г. Ижевска';'8 044,05';'1832056166'
'1770659294724000384';'7706592947';'Поставка канцелярских принадлежностей';'22 617,54';'4205390662'
'2312303240023000014';'3123032400';'Поставка медицинских изделий емкость для сбора колюще-режущих медицинских отходов на 2024 год';'18 030,20';'7806583985'
'3860402827522000011';'8604028275';'Оказание охранных услуг';'671 287,58';'4230033840'
'3560600180524000008';'5606001805';'Работы по содержанию улично-дорожной сети муниципального образования город Медногорск';'2 061 671,98';'5606004482'
'2631819736723004116';'6318197367';'Поставка лекарственного препарата «Тамоксифен» в рамках льготного лекарственного обеспечения на 2024 год. ';'657 029,10';'6312171877'
'1254001576724000013';'2540015767';'закупка шин пневматических для легковых автомобилей';'57 166,32';'2540213430'
'1745105192424000023';'7451051924';'Поставка офисной бумаги';'88 650,00';'7415094633'
'2661204921124000095';'6612049211';'Поставка изделий медицинского назначения';'57 838,00';'3123470210'
'2631819736723003835';'6318197367';'Поставка лекарственного препарата «Гидрохлоротиазид» в рамках льготного лекарственного обеспечения на 2024 год.';'32 873,80';'6312171877'
'1482500163724000051';'4825001637';'Металлопродукция';'56 706,00';'4823058290'
'1770659294724000378';'7706592947';'Поставка канцелярских товаров (конверт крафт 240*350 мм)';'11 962,34';'4209005047'
'1540682723123000294';'5406827231';'Поставка тепловой энергии и горячей воды (г. Норильск)';'219 469,22';'2457058356'
'2860102262024000002';'8601022620';'Оказание услуг по экскурсионному обслуживанию с проживанием студентов художественного отделения проходящим учебную практику по изучению памятников искусства в г.Санкт-Петербурге';'772 400,00';'7813529883'
'2541410088023000536';'5414100880';'Поставка лекарственных средств';'514 113,00';'7731241639'
'2642101091124000010';'6421010911';'Поставка реагентов';'58 553,06';'6455022584'
'1650109710724000004';'6501097107';'Приобретение немаркированных конвертов для нужд Сахалинского областного суда';'94 440,00';'5043080881'
'1191000451324000083';'1910004513';'Поставка посуды столовой';'57 341,45';'2465347513'
'3666005552924000108';'6660055529';'Накопитель данных внутренний';'33 610,46';'7713488619'
'1770659294724000392';'7706592947';'Поставка канцелярских товаров';'109 670,00';'4209005047'
'2781021972424000020';'7810219724';'Поставка читательских билетов RFID для нужд СПб ГБУ «ЦБС Московского района»';'264 000,00';'4345313989'
'3164403616724000004';'1644036167';'Поставка мусорных мешков';'7 161,90';'164411530228'
'3141400828524000017';'1414008285';'поставка товаров бытовой химии (ЛОТ 2)';'90 708,50';'272210382092'
'1263600064123000106';'2636000641';'Поставка реагентов диагностических в рамках программы «Санитарный щит. Создан национальный каталог микроорганизмов и биотоксинов» для обеспечения государственных нужд ФКУЗ Ставропольский противочумный институт Роспотребнадзора ';'199 902,68';'9728042034'
'3741100248724000027';'7411002487';'Поставка пробирок вакуумных';'23 840,00';'7725508877'
'1550108470922000014';'5406827231';'Подача через присоединенную водопроводную сеть из централизованных систем холодного водоснабжения холодной (питьевой) воды, осуществление приема сточных вод в централизованную систему водоотведения';'2 226,22';'8602016725'
'1263600064123000132';'2636000641';'Поставка изделий пластмассовых прочих в рамках программы Санитарный щит. «Создана сеть центров секвенирования для мониторинга изменчивости возбудителей инфекционных болезней» в целях обеспечения санитарно-эпидемиологического благополучия для обеспечения государственных нужд ФКУЗ Ставропольский противочумный институт Роспотребнадзора';'687 015,47';'9728042034'
'3371102887324000015';'3711028873';'Компьютеры и периферийное оборудование (покупка компьютерного оборудования)';'728 111,15';'3702442005'
'2631819736724001020';'6318197367';'Поставка лекарственного препарата «Минирин» по решению врачебной комиссии в рамках льготного лекарственного обеспечения на 2024 год';'35 006,40';'7718538045'
'1191000451324000069';'1910004513';'Поставка посуды столовой';'459 443,89';'7715910561'
'3540414195124000009';'5404141951';'поставка моющих средств';'3 837,00';'5404109884'
'2781021972424000017';'7810219724';'Поставка мультичастотного настольного считывателя и камер бронирования для нужд СПб ГБУ «ЦБС Московского района» в рамках реализации мероприятий по модернизации общедоступных библиотек Санкт-Петербурга на 2024 год';'6 808 706,80';'7733865537'
'2541410088023000519';'5414100880';'Поставка лекарственных средств';'473 196,24';'5047045359'
'2263300117124000673';'2633001171';'Поставка фурнитуры для дверей (доводчик)';'41 496,90';'772327286309'
'2642101091124000009';'6421010911';'Поставка реагентов';'88 159,00';'6455022584'
'3505100567024000030';'5051005670';'Приобретение билетов в ГБУК г. Москвы «Московский академический театр им. Вл. Маяковского»';'90 000,00';'7703025812'
'1263600064122000103';'2636000641';'Выполнение работ по подготовке проектной документации и выполнению инженерных изысканий по объекту: «Строительство научно-производственного корпуса ФКУЗ Ставропольский противочумный институт Роспотребнадзора» для обеспечения государственных нужд ФКУЗ Ставропольский противочумный институт Роспотребнадзора».';'48 876 930,53';'2634057145'
'2631819736724001049';'6318197367';'Поставка лекарственного препарата «Руфинамид» в рамках льготного лекарственного обеспечения на 2024 год';'389 089,80';'7718538045'
'3666005552924000056';'6660055529';'Браслет идентификационный для пациента';'607 340,00';'246523132074'
'2272300112024000087';'2723001120';'Поставка полотенец бумажных';'56 190,00';'2722120269'
'2631819736724000354';'6318197367';'Поставка лекарственного препарата «Абемациклиб» в рамках льготного лекарственного обеспечения на 2024 год. ';'920 673,60';'7726441960'
'3241200513924000030';'2412005139';"'Поставка лицензий на право установки и использования ПО ""Р7-Офис.Профессиональный (Десктопная версия)'";'586 654,00';'2223624775'
'1550104020424000007';'5501040204';'Поставка строительных материалов в рамках капитального ремонта';'220 455,00';'551201639147'
'3164403594224000005';'1644035942';'Поставка мусорных мешков';'7 314,90';'164411530228'
'2541410088023000312';'5414100880';'Поставка парогенератора';'211 000,00';'5408297237'
'3702200865524000009';'7022008655';'Поставка оргтехники в соответствии с техническим заданием';'204 766,40';'7022016864'
'2631819736723004391';'6318197367';'Поставка лекарственного препарата «Метотрексат» в рамках льготного лекарственного обеспечения на 2024 год. ';'183 229,00';'6312171877'
'3692401105124000021';'6924011051';'теплоснабжение';'703 320,00';'6949002845'
'2330700952024000055';'3307009520';'Закупка Средства дезинфицирующего для нужд государственного бюджетного учреждения здравоохранения Владимирской области «Муромская районная детская больница»';'25 720,00';'3327329350'
'2632000552023000636';'6320005520';'Поставка реактивов для иммуногематологических исследований на оборудовании Across ';'1 445 654,60';'1833048168'
'2522800360024000043';'5228003600';'Осуществление закупки Аппарата для ультразвуковой диагностики';'160 000,00';'5263127888'
'2330700952024000069';'3307009520';'Закупка Катетеров аспирационной системы общего назначения для нужд государственного бюджетного учреждения здравоохранения Владимирской области «Муромская районная детская больница»';'77 293,05';'5408291034'
'3891000610424000014';'8910006104';'Поставка офисной мебели';'107 663,12';'720312474086'
'3731900264723000007';'7319002647';'Об оказании услуг связи юридическому лицу, финансируемому из средств соответствующего бюджета';'1 338,48';'7707049388'
'2183300285422000668';'1833002854';'Расходный материал для рентгенхирургии';'4 414 388,75';'1840075726'
'2183300285422000486';'1833002854';'Расходные материалы для рентгенхирургии: Стент для периферических артерий, металлический непокрытый';'1 158 334,99';'1840075726'
'2244200338624000170';'2442003386';"'Поставка оборудования медицинского (кровати) для нужд КГБУЗ ""Шушенская РБ"" за счет средств краевого бюджета в 2024 году'";'245 193,34';'2463246559'
'2330700952024000054';'3307009520';'Закупка кабеля пациента для нужд государственного бюджетного учреждения здравоохранения Владимирской области «Муромская районная детская больница»';'35 200,00';'5252045538'
'3891000610424000034';'8910006104';'Поставка комплектующих для компьютерной техники';'65 010,75';'665800615409'
'3861300259421000138';'8613002594';'приобретение жилого помещения, которое будет создано в будущем';'3 161 999,88';'6685117551'
'2032308594024000007';'0323085940';'Поставка расходных материалов по компетенции «Сборка-разборка электронного оборудования»';'790 000,00';'772703168910'
'2701700444723000261';'7017004447';'Поставка лекарственных препаратов для медицинского применения';'107 475,00';'2540203506'
'1245203495424000171';'2452034954';'Поставка перчаток резиновых общего назначения';'58 240,00';'2465301357'
'2381201419324000052';'3812014193';'поставка канцелярских товаров';'35 311,66';'5405960304'
'2253803058123000051';'2538030581';"'Выполнение работ по содержанию искусственных дорожных сооружений на автомобильной дороге межмуниципального значения ""Уссури"" Хабаровск - Владивосток км 639+980 - км 674+618 в Уссурийском городском округе и Михайловском муниципальном районе Приморского края'";'4 674 998,13';'251801588464'
'2032308594024000006';'0323085940';'Поставка расходных материалов по компетенции «Сборка-разборка электронного оборудования»';'119 700,00';'241103843358'
'2665807811020000104';'6658078110';'Выполнение работ по разработке проектной документации по объекту «Капитальный ремонт автомобильной дороги «Подъезд к п. Нейво-Шайтанский № 1 от км 72+820 а/д «с. Николо – Павловское – с. Петрокаменское – г. Алапаевск» на участке км 5+132 – км 7+282 на территории муниципального образования город Алапаевск»';'1 600 000,00';'6658434632'
'2222101303323000021';'2221013033';'Поставка медицинских изделий (Средства перевязочные. Лот №2.)';'6 464,22';'9721089700'
'2860103092824000042';'8601030928';'Поставка носилок мягких бескаркасных огнестойких';'405 999,42';'7725403923'
'2541410088023000635';'5414100880';'Поставка лекарственных средств';'693 644,14';'5401328567'
'1027500646223000100';'0275006462';'Поставка расходных материалов и реактивов для ДНК лаборатории для нужд ЭКЦ МВД по Республике Башкортостан';'8 085 559,05';'6140015505'
'2332201139424000009';'3322011394';'Монтаж охранной сигнализации по адресу: Владимирская область Селивановский район п. Красная Горбатка, ул. Красноармейская д. 8-в с выводом на пульт ОВО по г. Муром и Муромскому району - филиал ФГКУ «УВО ВНГ России по Владимирской области»';'100 230,66';'3303999027'
'2222101303323000022';'2221013033';'Поставка медицинских изделий (Средства перевязочные. Лот №3.)';'9 677,25';'9721089700'
'1410502376424000025';'4105023764';'Приобретение и поставка расходного материала (доска) для изготовления, поставки и установки малых архитектурных форм (16)';'28 519,72';'410100450089'
'3232600748524000006';'2326007485';'Приобретение материалов для стоматологии';'52 645,18';'230200836069'
'2701700444724000040';'7017004447';'Поставка индикаторной бумаги для нужд ОГБУЗ «Медико-санитарная часть №2»';'321 859,80';'7017374695'
'1222303115824000051';'2223031158';'Поставка материалов для изготовления каркасов кроватей';'36 990,00';'225602465184'
'1540810634824000486';'5408106348';'Комплект для введения лекарственных средств для инфузионного насоса с электропитанием, одноразового использования';'184 215,00';'7730261375'
'1410502376424000024';'4105023764';'Приобретение и поставка расходного материала для изготовления, поставки и установки малых архитектурных форм (16)';'25 280,10';'410115695652'
'3232600748524000002';'2326007485';'Приобретение материалов для стоматологии';'39 066,80';'741800662320'
'2860200080624000158';'8602000806';'Поставка изделий медицинского назначения для гинекологического отделения';'1 861 200,00';'8602177867'
'2661204921123000662';'6612049211';'Поставка изделий медицинского назначения';'11 622,75';'3123470210'
'3890103992124000026';'8901039921';'Выполнение работ по капитальному ремонту жилых помещений';'68 584,03';'722500202233'
'3861300259421000096';'8613002594';'Приобретение жилого помещения,которое будет создано в будущем';'2 020 166,59';'6685117551'
'2380805984324000006';'3808059843';'Приобретение культурных ценностей';'71 100,00';'3702740957'
'2890103354224000012';'8901033542';'Поставка папок архивных на завязках с гребешками А4';'59 249,00';'6658478365'
'1540810634824000475';'5408106348';'Катетер для системы картирования сердца/радиочастотной абляции сердца, одноразового использования';'2 970 000,00';'7730249177'
'1410502376424000023';'4105023764';'Приобретение и поставка овощей';'52 000,00';'410600742379'
'2860200080624000217';'8602000806';'Поставка  оригинальных расходных материалов для офисной техники';'2 033 460,00';'8602004423'
'2661204921124000133';'6612049211';'Поставка расходных материалов для нефрологического центра';'45 300,00';'7733369708'
'1410502376424000021';'4105023764';'Приобретение и поставка сеток-мешков';'14 900,00';'410123733710'
'2860103092824000040';'8601030928';'Поставка самоспасателя фильтрующего';'1 627 147,50';'7743520316'
'3543810063222000021';'5438100632';'Поставка горюче-смазочных материалов';'5 000 000,00';'5405505224'
'1540810634824000464';'5408106348';'Комплект для введения лекарственных средств для инфузионного насоса с электропитанием, одноразового использования';'244 391,90';'7730261375'
'3524301424423000080';'5243014244';'Поставка тумбы подкатной с замком для объекта «Строительство центра культурного развития в г. Арзамасе Нижегородской области»';'10 000,00';'5260353783'
'1410502376424000032';'4105023764';'Бумага офисная';'39 200,00';'4101033909'
'2243200223124000070';'2432002231';'Поставка компьютерной техники';'187 600,00';'240802120790'
'1745332351724000039';'7453323517';'Поставка хозяйственных товаров (ручки дверные, петли, доводчики, лента ФУМ, трубка термоусаживаемая, лента ремонтная, лента сигнальная, лента монтажная) для нужд Седьмого кассационного суда общей юрисдикции';'17 000,00';'561600087487'
'2860200080624000180';'8602000806';'Поставка изделия медицинского назначения';'17 856,00';'8602177867'
'1540810634824000469';'5408106348';'Поставка лекарственного препарата для медицинского применения (ТЕМОЗОЛОМИД)';'72 270,00';'7726311464'
'2382500367119000026';'3825003671';;'245 260,16';'3814016968'
'2745313582724000546';'7453135827';'на поставку лекарственного препарата для медицинского применения – Гепарина Натрия для оказания отдельным категориям граждан социальной услуги по обеспечению лекарственными препаратами для медицинского применения по рецептам на лекарственные препараты, медицинскими изделиями по рецептам на медицинские изделия, а также специализированными продуктами лечебного питания для детей-инвалидов';'149 158,00';'5009123221'
'1591710336624000023';'5917103366';'Металлопластиковые окна и двери ПВХ в целях капитального ремонта имущества государственного заказчика';'657 057,00';'5921015867'
'1410502376424000027';'4105023764';'Приобретение и поставка расходного материала для изготовления, поставки и установки металлического ограждения (75)';'428 374,50';'410115695652'
'2860103092824000039';'8601030928';'Поставка беседок сборно-разборных';'877 597,00';'2130213412'
'3741100248724000028';'7411002487';'Поставка тест-полосок для определения состава мочи';'50 816,70';'7448144181'
'2860200080624000175';'8602000806';'Сервер';'1 380 000,00';'7203511719'
'1742200120623000405';'7422001206';"'Поставка медицинских изделий по ФП ""Борьба с сахарным диабетом"" в 2023 году - Офтальмоскоп непрямой бинокулярный, с питанием от батареи.'";'680 000,00';'7731401064'
'2860103092824000038';'8601030928';'Оказание услуг по техническому обслуживанию и ремонту автотракторной техники';'10 612 445,33';'861402507000'
'2526101525823000077';'5261015258';'Поставка какао-порошка';'28 157,38';'5261087580'
'2272300112024000084';'2723001120';'Трубка трахеостомическая, одноразового использования';'332 400,00';'2721149949'
'1745304246723000007';'7453042467';'Поставка лазерного модуля';'576 576,00';'7813261308'
'2171800236624000021';'1718002366';"'Поставка меропенема для нужд ГБУЗ РТ ""Барун-Хемчикский ММЦ"" на 2024 год (ОМС)'";'131 175,00';'3459070488'
'2541410088023000653';'5414100880';'Поставка лекарственных средств';'981 750,00';'9721075471'
'2243200223123000297';'2432002231';'Поставка лакокрасочной продукции';'154 205,30';'2465056419'
'2420534966423001633';'4205349664';'Поставка лекарственных препаратов для медицинского применения: БИСОПРОЛОЛ';'1 857 278,70';'4205121934'
'1742200120623000403';'7422001206';"'Поставка медицинских изделий по ФП ""Борьба с сахарным диабетом"" в 2023 году - Стетоскоп ультразвуковой.'";'202 000,00';'7731178881'
'2590408250323000038';'5904082503';'Поставка средств личной гигиены ';'97 771,51';'5903151472'
'2745313582724000564';'7453135827';'на поставку лекарственного препарата для медицинского применения – Эмпаглифлозина для оказания отдельным категориям граждан социальной услуги по обеспечению лекарственными препаратами для медицинского применения по рецептам на лекарственные препараты, медицинскими изделиями по рецептам на медицинские изделия, а также специализированными продуктами лечебного питания для детей-инвалидов';'3 202 560,00';'7726311464'
'1540810634824000435';'5408106348';'Поставка лекарственного препарата для медицинского применения (ЭНОКСАПАРИН НАТРИЯ)';'230 000,00';'3459070488'
'2450700071022000061';'4510000421';'Поставка ламп ультрафиолетовых бактерицидных';'1 574,98';'5257124409'
'3860402827522000009';'8604028275';'Оказание охранных услуг';'563 086,63';'4230033840'
'2420534966423001638';'4205349664';'Поставка лекарственных препаратов для медицинского применения: ЛЕВОТИРОКСИН НАТРИЯ';'184 775,00';'7017350373'
'1540810634824000501';'5408106348';'Поставка лекарственного препарата для медицинского применения (ВОДА ДЛЯ ИНЪЕКЦИЙ)';'129 060,00';'2540203506'
'2645506356624000085';'6455063566';'Поставка строительных материалов';'27 796,15';'7813257774'
'1742200120623000426';'7422001206';"'Поставка медицинских изделий по ФП ""Борьба с сахарным диабетом"" в 2023 году - Смотровая офтальмологическая лампа.'";'1 154 300,00';'7731401064'
'2610700406224000018';'6107004062';'Оказание услуг по проведению специальной оценки условий труда в ГБУ РО «ЦРБ» в Волгодонском районе в 2024 году';'94 793,58';'6454086120'
'2382500367122000021';'3825003671';'лекарственные препараты';'273 428,60';'3819006829'
'2860103092824000036';'8601030928';'Поставка носилок мягких бескаркасных огнестойких';'991 665,25';'7725403923'
'1410502376424000031';'4105023764';'приобретение и поставка сырья';'136 130,00';'4101108304'
'1540810634824000461';'5408106348';'Поставка лекарственного препарата для медицинского применения (ДОЦЕТАКСЕЛ)';'226 554,00';'9731038990'
'1701710678424000036';'7017106784';'Поставка аккумуляторов свинцовых для запуска поршневых двигателей';'252 246,90';'5504141680'
'1410502376424000029';'4105023764';'Поставка материалов для выращивания и поставки продуктов питания (капуста белокочанная свежая, огурцы свежие)';'111 550,00';'410100366060'
'2645506356624000084';'6455063566';'Поставка строительных материалов';'75 334,95';'7813257774'
'2250201380024000186';'2502013800';'БУСЕРЕЛИН';'34 610,40';'9724025863'
'2667138083424000234';'6671380834';"'Поставка стекла предметного и (или) слайда для микроскопии ИВД, одноразового использования ГБУЗ СО ""ОКМЦ ФИЗ"" в 2024 году'";'68 791,35';'9729300697'
'1540810634824000079';'5408106348';'Поставка лекарственного препарата для медицинского применения (АЗАМЕТОНИЯ БРОМИД)';'400 746,00';'9718148546'
'1742200120623000425';'7422001206';"'Поставка медицинских изделий по ФП ""Борьба с сахарным диабетом"" в 2023 году - Таблица для проверки остроты зрения электронная.'";'163 000,00';'7731401064'
'3164403625524000005';'1644036255';'Поставка мусорных мешков';'2 633,54';'164411530228'
'3183105910023000001';'1831059100';'Оказание услуг по обращению с твердыми коммунальными отходами';'216 283,20';'1841023336'
'2651700144224000012';'6517001442';'Поставка лекарственного препарата для медицинского применения ТИОТРОПИЯ БРОМИД';'17 479,20';'1660049999'
'1540810634824000459';'5408106348';'Поставка товаров (лампа бактерицидная ультрафиолетовая)';'148 000,00';'5257124409'
'1410502376424000034';'4105023764';'Приобретение и поставка расходного материала (металлопрокат) для изготовления, поставки и установки малых архитектурных форм (16)';'12 518,40';'410100505764'
'1540810634823002018';'5408106348';'Поставка лекарственного препарата для медицинского применения (АДЕМЕТИОНИН)';'55 187,50';'7724922443'
'2253803058123000049';'2538030581';'Разработка проектной документации на ремонт участков автомобильных дорог Раздольное-Хасан-Безверхово, Михайловка-Турий Рог, Краскино-Госграница, Галенки-Новогеоргиевка-Полтавка-Застава, Раздольное-Хасан, Покровка-Новогеоргиевка, Подъезд к с. Тереховка в Приморском крае';'35 626 596,23';'2502016209'
'1410502376424000028';'4105023764';'Приобретение и поставка расходного материала (металлопрокат) для изготовления, поставки и установки металлического ограждения (75)';'1 991 750,40';'410100505764'
'2651700144223000145';'6517001442';'Поставка реагентов для группового типирования эритроцитов ИВД';'20 636,15';'2700016049'
'3644681274824000009';'6446812748';'Капитальный ремонт оконных и дверных проемов МДОУ «Детский сад № 24 «Вишенка» п. Ртищевский Ртищевского района Саратовской области»';'543 567,69';'643302197103'
'3182200598024000003';'1822005980';'Приобретение книжной продукции';'90 000,00';'7811426593'
'1410502376424000036';'4105023764';'Строительный материал в рамках капитального ремонта';'180 461,70';'410115695652'
'3164403633624000004';'1644036336';'Поставка мусорных мешков';'3 089,30';'164411530228'
'1742200120623000404';'7422001206';'Поставка медицинских изделий по ФП «Борьба с сахарным диабетом» в 2023 году - Рефрактометр офтальмологический, ручной';'1 306 500,00';'7731401064'
'1410502376424000015';'4105023764';'Система видеонаблюдения (видеокамеры, видеорегистратор, кабель)';'99 880,00';'4101107808'
'2890100486224000164';'8901004862';'Поставка автошин';'205 393,50';'7816421461'
'2222301325423000331';'2223013254';'Поставка изделий медицинского назначения для кардиохирургического отделения';'1 371 480,00';'5407978868'
'2860102529024000058';'8601025290';'поставка мыла туалетного жидкого для нужд филиала казенного учреждения Ханты-Мансийского автономного округа-Югры «Центроспас-Югория» по Сургутскому району';'48 444,74';'860220038401'
'1410502376424000013';'4105023764';'Электромеханический замок';'26 400,00';'4101107808'
'2352507949324000054';'3525079493';'Поставка лекарственного препарата для медицинского применения  Велпатасвир+Софосбувир';'2 077 798,80';'0274110679'
'3450800585624000005';'4508005856';'Установка системы экстренного оповещения работников, обучающихся и иных лиц, находящихся на объекте, о потенциальной угрозе возникновения или о возникновении ЧС';'99 000,00';'450801655467'
'3164403591024000006';'1644035910';'Поставка мусорных мешков';'14 136,85';'164411530228'
'2650108923324000045';'6501089233';'Поставка расходных материалов для физиотерапевтического отделения';'201 550,00';'7804081789'
'1742200120623000409';'7422001206';'Поставка медицинских изделий по ФП «Борьба с сахарным диабетом» в 2023 году - Система мониторинга глюкозы в крови для домашнего использования/использования у постели больного ИВД';'11 770,00';'7731178881'
'2222301325424000022';'2223013254';'Поставка медицинских изделий для отделения анестезиологии и реанимации';'1 237 600,00';'7704876220'
'2745121976824000056';'7451219768';"'поставка лекарственных препаратов для медицинского применения МНН: Лидокаин+Феназон; Нитрофурал; Солодки корней экстракт'";'16 333,60';'7451344670'
'2701720095624000074';'7017200956';'Поставка снаряжения пожарного';'423 000,00';'1657138663'
'2640100010424000009';'6401000104';'Поставка сухожарового шкафа или автоклава (для оснащения фельдшерско-акушерского пункта, фельдшерского здравпункта)';'63 375,90';'645502694410'
'2753700870524000023';'7537008705';'Приобретение изделий медицинского назначения';'76 215,68';'7716958735'
'2862200811224000005';'8622008112';'Выполнение работ по замене дверных блоков';'447 630,84';'8622013592'
'2243200223124000076';'2432002231';'Поставка контейнеров для системы химической дезинфекции медицинских инструментов';'79 657,97';'540620610982'
'1742200120623000401';'7422001206';'Поставка медицинских изделий по ФП «Борьба с сахарным диабетом» в 2023 году - Кресло для осмотра/терапевтических процедур общего назначения, с электропитанием';'305 000,00';'7731178881'
'2650108923324000066';'6501089233';'Поставка самоспасателей пожарных фильтрующих для людей старше 12 лет';'9 695,56';'6679154330'
'1783000209224000015';'7830002092';'Изготовление сценических костюмов';'1 276 142,48';'7816239854'
'3860402827522000008';'8604028275';'Оказание охранных услуг';'268 260,16';'4230033840'
'3741100248724000026';'7411002487';'Поставка моющего/чистящего раствора ИВД для гематологического анализатора Sysmex XP 300';'5 664,40';'7448144181'
'1540810634824000418';'5408106348';'Поставка лекарственного препарата для медицинского применения (ЦЕФУРОКСИМ)';'657 561,00';'6621014818'
'3519030642724000031';'5190306427';'Поставка шкафов для одежды металлических';'229 027,43';'7839118609'
'2243200223124000082';'2432002231';'Поставка емкостей для сбора колюще-режущих медицинских отходов';'56 331,00';'540620610982'
'2753601118024000028';'7536011180';'Поставка лекговых автомобилей (00002879-ЗКвЭФ)';'3 900 000,00';'3812009161'
'2890100486224000105';'8901004862';'Поставка товара для оказания медицинской помощи в экстренной форме';'34 800,00';'6671447246'
'2645412612524000044';'6454126125';'Поставка реагентов для анализатора автоматического биохимического ДДС-240';'148 744,99';'6455022584'
'3450000244424000002';'4500002444';'Поставка тепловой энергия';'1 167 428,95';'4514101124'
'3562000474124000021';'5620004741';'Поставка канцелярских товаров для нужд администрации Акбулакского района Оренбургской области';'41 039,90';'562000157511'
'1540810634824000334';'5408106348';'Поставка лекарственного препарата для медицинского применения (ФОСФОКРЕАТИН)';'1 506 000,00';'7705983024'
'2552100423621000012';'5521004236';'Работы, услуги по содержанию имущества (Оказание услуг по техническому обслуживанию автоматической пожарной сигнализации (АПС) и системы оповещения (СО) ';'221 399,34';'5504131499'
'1742200120623000428';'7422001206';'Поставка медицинских изделий по ФП «Борьба с сахарным диабетом» в 2023 году Лот 15: Стол для офтальмологических инструментов, с питанием от сети';'332 000,00';'7731401064'
'2590410132223000194';'5904101322';'ПОСТАВКА ЛЕКАРСТВЕННЫХ ПРЕПАРАТОВ ДЛЯ МЕДИЦИНСКОГО ПРИМЕНЕНИЯ (Левофлоксацин)';'86 515,00';'5406996582'
'3181000227023000004';'1810002270';'Вывоз ТКО';'14 153,28';'1841023336'
'2650901243324000125';'6509012433';'Поставка пробирок вакуумных';'454 715,00';'6501211525'
'2246005076619000014';'2460050766';"'Проектирование объекта капитального строительства ""Модульная котельная в п. Большой Унгут Манского района""'";'1 890 000,00';'5406776153'
'1540810634823001270';'5408106348';'Поставка медицинских изделий';'1 348 199,64';'6671241301'
'2590410132224000043';'5904101322';'Поставка изделий медицинского назначения (Интродьюсер для катетера)';'75 000,00';'5903142781'
'1540810634824000487';'5408106348';'Поставка лекарственного препарата для медицинского применения (НАТРИЯ ХЛОРИД)';'158 250,00';'2540203506'
'2241500190423000165';'2415001904';'ЭА-№-14160/23 «Оказание услуг по техническому сопровождению программного обеспечения «Региональный сегмент ВИМИС», используемого для функционирования нижеперечисленных подсистем Государственной информационной системы в сфере здравоохранения Красноярского края»';'71 511,00';'7805539408'
'2890100486224000133';'8901004862';'Поставка реагентов';'27 063,72';'7716740190'
'3562000474124000020';'5620004741';'Поставка канцелярских товаров для нужд администрации Акбулакского района Оренбургской области';'9 224,65';'562000157511'
'3164403587924000004';'1644035879';'Поставка мусорных мешков';'7 775,84';'164411530228'
'1645201679024000016';'6452016790';'Поставка кондиционеров бытовых';'103 230,07';'645395614103'
'2541012717624000275';'5410127176';'Поставка расходных материалов медицинского назначения';'837 772,93';'2224085269'
'1301700248124000028';'3017002481';'Поставка аспиратора с сосудом ловушкой';'148 970,63';'9728042034'
'3562000474124000022';'5620004741';'Поставка канцелярских товаров для нужд администрации Акбулакского района Оренбургской области';'14 911,72';'562000157511'
'3861300259421000093';'8613002594';'Приобретение жилого помещения,которое будет создано в будущем';'2 020 166,59';'6685117551'
'1742200120623000441';'7422001206';'Поставка медицинских изделий по ФП «Борьба с сахарным диабетом» в 2023 году - Система лазерная твердотельная с диодной накачкой для офтальмологии';'23 562 720,00';'7731178881'
'2183503379124000083';'1835033791';'Лекарственный препарат Желатин';'295 850,00';'0224013045'
'3183504155223000032';'1835041552';'№ 15246 Изделия макаронные для нужд учреждений Первомайского района г. Ижевска';'22 522,60';'5258082014'
'1540810634824000419';'5408106348';'Поставка лекарственного препарата для медицинского применения (ИФОСФАМИД)';'169 810,68';'9731038990'
'2272208752624000018';'2722087526';'Поставка сейф-пакетов';'138 500,00';'250810895678'
'2666208106624000131';'6662081066';"'Приобретение жилого помещения на территории г.Каменска-Уральского Свердловской области для детей-сирот и детей, оставшихся без попечения родителей, лиц из числа детей-сирот и детей, оставшихся без попечения родителей , в соответствии с постановлением Правительства Свердловской области от 24.10.2013 г. № 1296-ПП ""Об утверждении государственной программы Свердловской области ""Реализация основных направлений государственной политики в строительном комплексе Свердловской области до 2027 года""'";'2 853 152,00';'7448240495'
'3743700052624000068';'7437000526';'Поставка морозильника бытового';'83 845,30';'7215002642'
'1740100349923000058';'7401003499';'Услуги по испытанию наружных стационарных пожарных лестниц';'78 650,00';'6320058152'
'2541012717624000237';'5410127176';'Поставка расходных материалов медицинского назначения';'414 000,00';'7743268314'
'3560303483424000148';'5603034834';'Оказание услуг по осуществлению технологического присоединения энергопринимающих устройств';'16 655,78';'5610247047'
'2666208106624000133';'6662081066';"'Приобретение жилого помещения на территории г.Каменска-Уральского Свердловской области для детей-сирот и детей, оставшихся без попечения родителей, лиц из числа детей-сирот и детей, оставшихся без попечения родителей , в соответствии с постановлением Правительства Свердловской области от 24.10.2013 г. № 1296-ПП ""Об утверждении государственной программы Свердловской области ""Реализация основных направлений государственной политики в строительном комплексе Свердловской области до 2027 года""'";'2 853 152,00';'7448240495'
'2540312386124000063';'5403123861';'Поставка кранов шаровых';'22 877,55';'5405374860'
'2666208106624000135';'6662081066';"'Приобретение жилого помещения на территории г.Каменска-Уральского Свердловской области для детей-сирот и детей, оставшихся без попечения родителей, лиц из числа детей-сирот и детей, оставшихся без попечения родителей , в соответствии с постановлением Правительства Свердловской области от 24.10.2013 г. № 1296-ПП ""Об утверждении государственной программы Свердловской области ""Реализация основных направлений государственной политики в строительном комплексе Свердловской области до 2027 года""'";'2 853 152,00';'7448240495'
'2246605173423000029';'2466051734';'ЭА-№-14160/23 «Оказание услуг по техническому сопровождению программного обеспечения «Региональный сегмент ВИМИС», используемого для функционирования нижеперечисленных подсистем Государственной информационной системы в сфере здравоохранения Красноярского края»';'35 754,00';'7805539408'
'3861600499123000027';'8616004991';'Поставка хлеба и хлебобулочных изделий в МБОУ Междуреченская СОШ (для СМП / СОНКО).';'817 277,95';'663400747213'
'2650901243324000127';'6509012433';'Поставка реагентов для проведения ПЦР в режиме реального времени на приборе Rotor-Gene Q';'372 303,09';'2700016049'
'2666208106624000137';'6662081066';"'Приобретение жилого помещения на территории г.Каменска-Уральского Свердловской области для детей-сирот и детей, оставшихся без попечения родителей, лиц из числа детей-сирот и детей, оставшихся без попечения родителей , в соответствии с постановлением Правительства Свердловской области от 24.10.2013 г. № 1296-ПП ""Об утверждении государственной программы Свердловской области ""Реализация основных направлений государственной политики в строительном комплексе Свердловской области до 2027 года""'";'2 853 152,00';'7448240495'
'1753606732024000026';'7536067320';'Поставка катетеров и игл на 2024 год';'27 477,58';'2807032170'
'3560303483424000142';'5603034834';'Оказание услуг по осуществлению технологического присоединения энергопринимающих устройств';'16 655,78';'5610247047'
'2541012717624000281';'5410127176';'Поставка расходных материалов для лабораторий больницы';'158 000,00';'5445262881'
'1621500216824000012';'6215002168';'Закупка строительных материалов в целях капитального ремонта (сетка рабица, трос, электроды)';'97 766,73';'330400224468'
'2666208106624000138';'6662081066';"'Приобретение жилого помещения на территории г.Каменска-Уральского Свердловской области для детей-сирот и детей, оставшихся без попечения родителей, лиц из числа детей-сирот и детей, оставшихся без попечения родителей , в соответствии с постановлением Правительства Свердловской области от 24.10.2013 г. № 1296-ПП ""Об утверждении государственной программы Свердловской области ""Реализация основных направлений государственной политики в строительном комплексе Свердловской области до 2027 года""'";'2 853 152,00';'7448240495'
'2860103092824000028';'8601030928';'Поставка специальной кожаной обуви';'2 910 656,00';'4824055990'
'2860100172623000148';'8601001726';'Оказание услуг по очистке кровли административного здания территориального фонда обязательного медицинского страхования Ханты-Мансийского автономного округа - Югры и автогаража от снега и сосулек, очистке прилегающей территории от снега и наледи, вывозу снега с территории территориального фонда обязательного медицинского страхования Ханты-Мансийского автономного округа - Югры с размещением на специализированном муниципальном полигоне';'237 411,40';'8601046999'
'1540810634824000303';'5408106348';'Поставка лекарственного препарата для медицинского применения (ДУРВАЛУМАБ)';'9 283 532,50';'7701213835'
'2890100486224000157';'8901004862';'Поставка пробирок';'1 016 470,00';'5402030357'
'2541012717624000278';'5410127176';'Поставка расходных материалов для лабораторий больницы';'973 351,50';'5408130936'
'1621500216824000019';'6215002168';'Закупка тканей для пошива вещевого имущества для нужд ФКУ ИК-6 УФСИН России по Рязанской области';'178 220,00';'3700001622'
'3860101937823000001';'8601019378';'Поставка бумаги для офисной техники';'17 819,99';'7203392412'
'3560303483424000149';'5603034834';'Оказание услуг по осуществлению технологического присоединения энергопринимающих устройств';'16 655,78';'5610247047'
'2666208106624000139';'6662081066';"'Приобретение жилого помещения на территории г.Каменска-Уральского Свердловской области для детей-сирот и детей, оставшихся без попечения родителей, лиц из числа детей-сирот и детей, оставшихся без попечения родителей , в соответствии с постановлением Правительства Свердловской области от 24.10.2013 г. № 1296-ПП ""Об утверждении государственной программы Свердловской области ""Реализация основных направлений государственной политики в строительном комплексе Свердловской области до 2027 года""'";'2 853 152,00';'7448240495'
'1423000656524000022';'4230006565';'краны общепромышленного назначения';'98 097,39';'2222870760'
'1621500216824000018';'6215002168';'Закупка строительных материалов в целях капитального ремонта (сетка рабица, трос, электроды)';'179 135,75';'482100917276'
'2666208106624000140';'6662081066';"'Приобретение жилого помещения на территории г. Каменска-Уральского Свердловской области для детей-сирот и детей, оставшихся без попечения родителей, лиц из числа детей-сирот и детей, оставшихся без попечения родителей, в соответствии с постановлением Правительства Свердловской области от 24.10.2013 г. № 1296-ПП ""Об утверждении государственной программы Свердловской области ""Реализация основных направлений государственной политики в строительном комплексе Свердловской области».'";'2 853 152,00';'7448240495'
'2650901243324000151';'6509012433';'Поставке реагентов для проведения ПЦР в режиме реального времени на приборе Rotor-Gene Q';'35 348,00';'2700016049'
'3741100105023000026';'7411001050';'Оказание услуг по техническому обслуживанию и ремонту комплекса технических средств охраны';'69 546,00';'7449146760'
'3743700052624000071';'7437000526';'Поставка лекарственных препаратов для медицинского применения (препараты, влияющие на кровь и кровяную систему)';'44 480,16';'3442106217'
'3732801362024000024';'7328013620';'Сантехнические изделия';'144 426,24';'612507649085'
'2241500190423000145';'2415001904';'ЭА-№-11408/23 «АМИНОКАПРОНОВАЯ КИСЛОТА»';'2 500,00';'2466189073'
'1742200120623000355';'7422001206';'Поставка лекарственного препарата для медицинского применения амоксициллина + [клавулановая кислота]';'55 596,00';'0273935941'
'3560303483424000161';'5603034834';'Оказание услуг по осуществлению технологического присоединения энергопринимающих устройств';'16 655,78';'5610247047'
'3645111822124000067';'6451118221';'Оказание услуг по ремонту гастроскопа оптоволоконного гибкого (Гастрофиброскопа GIF-E3)';'446 083,67';'7839086869'
'2541012717624000231';'5410127176';'Поставка расходных материалов медицинского назначения';'67 290,34';'810703333594'
'2650901243324000154';'6509012433';'Поставке реагентов для проведения ПЦР в режиме реального времени на приборе Rotor-Gene Q';'96 328,00';'2700016049'
'2540712031824000135';'5407120318';'Поставка термометров жидкостных стеклянных технических';'54 378,00';'246606603560'
'1301703226024000018';'3017032260';'Поставка масел МС-20 и М10Г2К для судов';'95 954,40';'300900065256'
'2745313582724000565';'7453135827';'на поставку лекарственного препарата для медицинского применения – Эмпаглифлозина для оказания отдельным категориям граждан социальной услуги по обеспечению лекарственными препаратами для медицинского применения по рецептам на лекарственные препараты, медицинскими изделиями по рецептам на медицинские изделия, а также специализированными продуктами лечебного питания для детей-инвалидов';'954 678,60';'7726311464'
'2595500004023000057';'5955000040';'Поставка медицинских изделий для смотрового кабинета';'35 500,00';'5903143200'
'2721700384223000411';'7217003842';'Поставка медицинских изделий:  Машина моющая/дезинфицирующая для эндоскопов (установка для мойки и дезинфекции эндоскопов),  ввод в эксплуатацию медицинских изделий, обучение правилам эксплуатации специалистов, эксплуатирующих медицинские изделия, и специалистов, осуществляющих техническое обслуживание медицинских изделий';'1 699 900,00';'7203485321'
'2245503615624000065';'2455036156';'ЭА-№-2457/24 «Поставка реагентов (лот 2)»';'1 481 866,64';'2465143478'
'3750200148023000002';'7502001480';'Поставка автомобильного топлива для нужд  МОУ Александрово-Заводская  СОШ, Александрово-Заводский район, по талонам номиналом 10,20 литров.';'693 952,00';'7535002680'
'2890100486224000078';'8901004862';'Оказание медицинской помощи в неотложной форме';'22 800,00';'7202070194'
'2860102221124000003';'8601022211';'Поставка бокса микробиологической безопасности';'780 000,00';'7724909241'
'2222519806424000022';'2225198064';'Поставка автомобильных шин';'42 820,90';'5506063406'
'2666208106624000141';'6662081066';"'Приобретение жилого помещения на территории г. Каменска-Уральского Свердловской области для детей-сирот и детей, оставшихся без попечения родителей, лиц из числа детей-сирот и детей, оставшихся без попечения родителей, в соответствии с постановлением Правительства Свердловской области от 24.10.2013 г. № 1296-ПП ""Об утверждении государственной программы Свердловской области ""Реализация основных направлений государственной политики в строительном комплексе Свердловской области».'";'2 853 152,00';'7448240495'
'2860102221124000004';'8601022211';'Поставка бокса микробиологической безопасности';'780 000,00';'7724909241'
'1301703226024000011';'3017032260';'Поставка транспортного средства GAZelle Next или эквивалент';'3 710 495,00';'3009012599'
'3222202594824000001';'2222025948';'Поставка учебников печатных общеобразовательного назначения';'1 041 338,59';'5402573160'
'3744501682624000026';'7445016826';'Поставка санитарно-гигиенических средств, согласно спецификации';'30 660,76';'740400428980'
'2666208106624000142';'6662081066';"'Приобретение жилого помещения на территории г. Каменска-Уральского Свердловской области для детей-сирот и детей, оставшихся без попечения родителей, лиц из числа детей-сирот и детей, оставшихся без попечения родителей, в соответствии с постановлением Правительства Свердловской области от 24.10.2013 г. № 1296-ПП ""Об утверждении государственной программы Свердловской области ""Реализация основных направлений государственной политики в строительном комплексе Свердловской области».'";'2 853 152,00';'7448240495'
'2550405450124000006';'5504054501';'Оказание услуг по перевозке автобусами гостей и участников Всероссийского кинофестиваля «Свидание с Россией. Сибирский характер»';'172 000,00';'550608624960'
'3593200510923000001';'5932005109';'Электроснабжение';'748 300,00';'5904123809'
'2745313582724000571';'7453135827';'на поставку лекарственного препарата для медицинского применения – Кальция Полистиролсульфонат для оказания отдельным категориям граждан социальной услуги по обеспечению лекарственными препаратами для медицинского применения по рецептам на лекарственные препараты, медицинскими изделиями по рецептам на медицинские изделия, а также специализированными продуктами лечебного питания для детей-инвалидов, ДС № 02103-ФЛ/2024-1 от 11.04.2024 г.';'3 653 748,00';'7449088941'
'2650901243324000120';'6509012433';'Поставка тест-полосок для глюкометров OneTouch';'69 685,00';'5262258091'
'2666208106624000143';'6662081066';"'Приобретение жилого помещения на территории г. Каменска-Уральского Свердловской области для детей-сирот и детей, оставшихся без попечения родителей, лиц из числа детей-сирот и детей, оставшихся без попечения родителей, в соответствии с постановлением Правительства Свердловской области от 24.10.2013 г. № 1296-ПП ""Об утверждении государственной программы Свердловской области ""Реализация основных направлений государственной политики в строительном комплексе Свердловской области».'";'2 853 152,00';'7448240495'
'2540712031824000103';'5407120318';'Поставка сантехнических материалов';'24 869,97';'3663075849'
'2020700099124000092';'0207000991';'Поставка лекарственных препаратов для медицинского применения (интерферон альфа-2b), совместный аукцион';'6 640,50';'7724922443'
'2641100320024000062';'6411003200';'Поставка роторасширителя';'2 100,00';'645502694410'
'3645111822124000022';'6451118221';'Поставка изделий медицинского назначения (Зонд урогенитальный, ложка Фолькмана, зеркало вагинальное, одноразового использования, набор гинекологический смотровой)';'64 423,77';'6671037480'
'3612301231024000001';'6123012310';'Услуги по бронированию билетов на культурно развлекательные мероприятия';'520,00';'7841075409'
'2550405450124000004';'5504054501';'Оказание услуг по проживанию в гостинице г. Омска гостей и участников Всероссийского кинофестиваля «Свидание с Россией. Сибирский характер»';'1 300 000,00';'5504081865'
'3190104302622000003';'1901043026';'электрическая энергия';'539 325,00';'1901064509'
'3593200507422000001';'5932005074';'Электроэнергия';'2 207 020,00';'5904123809'
'1382800603924000049';'3828006039';'Поставка изделий медицинского назначения';'599 634,00';'3811160603'
'2666208106624000144';'6662081066';"'Приобретение жилого помещения на территории г. Каменска-Уральского Свердловской области для детей-сирот и детей, оставшихся без попечения родителей, лиц из числа детей-сирот и детей, оставшихся без попечения родителей, в соответствии с постановлением Правительства Свердловской области от 24.10.2013 г. № 1296-ПП ""Об утверждении государственной программы Свердловской области ""Реализация основных направлений государственной политики в строительном комплексе Свердловской области».'";'2 853 152,00';'7448240495'
'1421800643124000047';'4218006431';'Поставка расходных материалов (Индикатор химический/физический для контроля стерилизации)';'29 960,00';'7825438895'
'2550405450124000007';'5504054501';'Поставка полиграфической продукции и основных средств в рамках проведения Всероссийского кинофестиваля «Свидание с Россией. Сибирский характер»';'301 056,93';'5501258546'
'1540610310123000340';'5406103101';'Поставка технических средств реабилитации - специальных средств при нарушениях функций выделения для обеспечения в 2024 году';'1 763 020,20';'7715803538'
'2641100320024000064';'6411003200';'Поставка аппарата искусственной вентиляции легких, ручного';'3 000,00';'645502694410'
'2666208106624000136';'6662081066';"'Приобретение жилого помещения на территории г. Каменска-Уральского Свердловской области для детей-сирот и детей, оставшихся без попечения родителей, лиц из числа детей-сирот и детей, оставшихся без попечения родителей, в соответствии с постановлением Правительства Свердловской области от 24.10.2013 г. № 1296-ПП ""Об утверждении государственной программы Свердловской области ""Реализация основных направлений государственной политики в строительном комплексе Свердловской области».'";'2 853 152,00';'7448240495'
'3591801448624000007';'5918014486';'Поставка продуктов питания (яйцо куриное)';'72 000,00';'5903057053'
'2550405450124000008';'5504054501';'Поставка полиграфической продукции продукции в рамках проведения Всероссийского кинофестиваля «Свидание с Россией. Сибирский характер»';'244 338,00';'5501258546'
'2666208106624000134';'6662081066';"'Приобретение жилого помещения на территории г. Каменска-Уральского Свердловской области для детей-сирот и детей, оставшихся без попечения родителей, лиц из числа детей-сирот и детей, оставшихся без попечения родителей, в соответствии с постановлением Правительства Свердловской области от 24.10.2013 г. № 1296-ПП ""Об утверждении государственной программы Свердловской области ""Реализация основных направлений государственной политики в строительном комплексе Свердловской области».'";'2 853 152,00';'7448240495'
'3593200510917000001';'5932005109';;'1 270 467,80';'5904085938'
'2631206192324000099';'6312061923';'Поставка электротоваров для нужд Государственного бюджетного учреждения здравоохранения Самарской области «Самарская городская клиническая больница № 8» в 2024 году ';'65 965,35';'6321406050'
'3420800174823001329';'4208001748';'Поставка на поставку лекарственного препарата для медицинского применения МНН: БОТУЛИНИЧЕСКИЙ ТОКСИН ТИПА A-ГЕМАГГЛЮТИНИН КОМПЛЕКС';'418 325,00';'7731241639'
'2382500367121000139';'3825003671';'оказание комунальных услуг по очистке сточных вод';'138 120,50';'3814016950'
'3741100105023000027';'7411001050';'Оказание услуг по техническому обслуживанию систем автоматической пожарной сигнализации';'43 452,00';'7449146760'
'2650901243324000110';'6509012433';"'Поставка дезинфицирующих средств для нужд ГБУЗ ""Холмская ЦРБ""'";'95 904,00';'6500001388'
'2543010042224000025';'5430100422';'Поставка дезинфицирующих средств';'6 760,00';'540132399736'
'2666208106624000127';'6662081066';"'Приобретение жилого помещения на территории г.Каменска-Уральского Свердловской области для детей-сирот и детей, оставшихся без попечения родителей, лиц из числа детей-сирот и детей, оставшихся без попечения родителей , в соответствии с постановлением Правительства Свердловской области от 24.10.2013 г. № 1296-ПП ""Об утверждении государственной программы Свердловской области ""Реализация основных направлений государственной политики в строительном комплексе Свердловской области до 2027 года""'";'2 853 152,00';'7448240495'
'2382500367121000156';'3825003671';'МОНОПОЛИСТЫ';'800 000,00';'3808166404'
'2745313582724000575';'7453135827';'на поставку лекарственного препарата для медицинского применения – Бозентана для оказания отдельным категориям граждан социальной услуги по обеспечению лекарственными препаратами для медицинского применения по рецептам на лекарственные препараты, медицинскими изделиями по рецептам на медицинские изделия, а также специализированными продуктами лечебного питания для детей-инвалидов';'5 093 421,76';'1660049999'
'2543010042224000017';'5430100422';'Поставка матраса';'4 700,00';'5406783055'
'2666208106624000128';'6662081066';"'Приобретение жилого помещения на территории г.Каменска-Уральского Свердловской области для детей-сирот и детей, оставшихся без попечения родителей, лиц из числа детей-сирот и детей, оставшихся без попечения родителей , в соответствии с постановлением Правительства Свердловской области от 24.10.2013 г. № 1296-ПП ""Об утверждении государственной программы Свердловской области ""Реализация основных направлений государственной политики в строительном комплексе Свердловской области до 2027 года""'";'2 853 152,00';'7448240495'
'2631206192324000057';'6312061923';'Поставка канцтоваров для нужд Государственного бюджетного учреждения здравоохранения Самарской области «Самарская городская клиническая больница № 8» в 2024 году';'30 079,81';'6316176315'
'3246407536024000010';'2464075360';'Захват для удержания посуды';'6 390,00';'590612537515'
'3594805775123000005';'5948057751';'Услуги по приемке сточных вод и их переработке';'2 028 295,75';'5948008585'
'2543010042223000319';'5430100422';'Поставка изделий медицинского назначения';'37 671,15';'9722050367'
'2666208106624000129';'6662081066';"'Приобретение жилого помещения на территории г.Каменска-Уральского Свердловской области для детей-сирот и детей, оставшихся без попечения родителей, лиц из числа детей-сирот и детей, оставшихся без попечения родителей , в соответствии с постановлением Правительства Свердловской области от 24.10.2013 г. № 1296-ПП ""Об утверждении государственной программы Свердловской области ""Реализация основных направлений государственной политики в строительном комплексе Свердловской области до 2027 года""'";'2 853 152,00';'7448240495'
'2637500208524000009';'6375002085';'Поставка реагентов диагностических для выявления 13 наркотических веществ иммунохроматографическим методом для нужд ГБУЗ СО ''Красноармейская ЦРБ'' в 2024г ';'69 700,00';'7743411557'
'2650102607124000047';'6501026071';'Скрытая кровь в кале ИВД, набор, иммунохроматографический анализ, экспресс-анализ, клинический';'77 400,00';'6501211525'
'3246407536024000025';'2464075360';'Холодильник бытовой';'35 993,00';'590612537515'
'3633003526724000019';'6330035267';'Возмещение затрат за потребленную тепловую энергию';'130 737,35';'711606004755'
'2666208106624000130';'6662081066';"'Приобретение жилого помещения на территории г.Каменска-Уральского Свердловской области для детей-сирот и детей, оставшихся без попечения родителей, лиц из числа детей-сирот и детей, оставшихся без попечения родителей , в соответствии с постановлением Правительства Свердловской области от 24.10.2013 г. № 1296-ПП ""Об утверждении государственной программы Свердловской области ""Реализация основных направлений государственной политики в строительном комплексе Свердловской области до 2027 года""'";'2 853 152,00';'7448240495'
'2221000165324000025';'2210001653';'Поставка лекарственного препарата для медицинского применения Инсулин гларгин (Лот № 161)';'5 599,20';'2221019606'
'2220901113523000103';'2209011135';'Поставка хозяйственных товаров в 2024 году (Лот 3)';'29 849,79';'2222897392'
'1770982726624000316';'7709827266';'Оказание услуг по проведению технического освидетельствования подъемной платформы для инвалидов с вертикальным подъемом в здании МПП Владивосток (АБК) для нужд Владивостокского филиала ФГКУ Росгранстрой';'15 266,67';'2539058847'
'2550501364223000096';'5505013642';'Оказание услуг по передаче сертификата активации сервиса обновления баз решающих правил и сертификата активации сервиса совместной технической поддержки программно-аппаратного комплекса обнаружения вторжений ViPNet IDS NS100 3.x';'93 735,00';'5504236004'
'2591759313524000047';'5917593135';'Тряпка для очистки поверхностей (Полотно холстопрошивное)';'6 450,42';'5914027773'
'2666208106624000153';'6662081066';"'Приобретение жилого помещения на территории г.Каменска-Уральского Свердловской области для детей-сирот и детей, оставшихся без попечения родителей, лиц из числа детей-сирот и детей, оставшихся без попечения родителей , в соответствии с постановлением Правительства Свердловской области от 24.10.2013 г. № 1296-ПП ""Об утверждении государственной программы Свердловской области ""Реализация основных направлений государственной политики в строительном комплексе Свердловской области до 2027 года""'";'2 853 152,00';'7448240495'
'2666208106624000152';'6662081066';"'Приобретение жилого помещения на территории г.Каменска-Уральского Свердловской области для детей-сирот и детей, оставшихся без попечения родителей, лиц из числа детей-сирот и детей, оставшихся без попечения родителей , в соответствии с постановлением Правительства Свердловской области от 24.10.2013 г. № 1296-ПП ""Об утверждении государственной программы Свердловской области ""Реализация основных направлений государственной политики в строительном комплексе Свердловской области до 2027 года""'";'2 853 152,00';'7448240495'
'2666208106624000151';'6662081066';"'Приобретение жилого помещения на территории г. Каменска-Уральского Свердловской области для детей-сирот и детей, оставшихся без попечения родителей, лиц из числа детей-сирот и детей, оставшихся без попечения родителей, в соответствии с постановлением Правительства Свердловской области от 24.10.2013 г. № 1296-ПП ""Об утверждении государственной программы Свердловской области ""Реализация основных направлений государственной политики в строительном комплексе Свердловской области».'";'2 853 152,00';'7448240495'
'3594420410923000001';'5944204109';'Поставка горючего природного газа № Б-41-4-4462/22 - 1 395,75';'1 395,75';'5948022406'
'2420534966424000107';'4205349664';'Поставка лекарственных препаратов (приобретение товаров в пользу граждан в целях их социального обеспечения)';'2 628 080,00';'9731038990'
'2666208106624000132';'6662081066';"'Приобретение жилого помещения на территории г. Каменска-Уральского Свердловской области для детей-сирот и детей, оставшихся без попечения родителей, лиц из числа детей-сирот и детей, оставшихся без попечения родителей, в соответствии с постановлением Правительства Свердловской области от 24.10.2013 г. № 1296-ПП ""Об утверждении государственной программы Свердловской области ""Реализация основных направлений государственной политики в строительном комплексе Свердловской области».'";'2 853 152,00';'7448240495'
'2666208106624000150';'6662081066';"'Приобретение жилого помещения на территории г. Каменска-Уральского Свердловской области для детей-сирот и детей, оставшихся без попечения родителей, лиц из числа детей-сирот и детей, оставшихся без попечения родителей, в соответствии с постановлением Правительства Свердловской области от 24.10.2013 г. № 1296-ПП ""Об утверждении государственной программы Свердловской области ""Реализация основных направлений государственной политики в строительном комплексе Свердловской области».'";'2 853 152,00';'7448240495'
'2221000165323000080';'2210001653';'Поставка медицинских изделий (Изделия для реанимации. Лот №12.)';'2 212,88';'2225109963'
'3421202111223000004';'4212021112';'Выполнение работ по ремонту кровли с целью устранения последствий чрезвычайных ситуаций';'7 414 428,00';'4212024113'
'2666208106624000149';'6662081066';"'Приобретение жилого помещения на территории г. Каменска-Уральского Свердловской области для детей-сирот и детей, оставшихся без попечения родителей, лиц из числа детей-сирот и детей, оставшихся без попечения родителей, в соответствии с постановлением Правительства Свердловской области от 24.10.2013 г. № 1296-ПП ""Об утверждении государственной программы Свердловской области ""Реализация основных направлений государственной политики в строительном комплексе Свердловской области».'";'2 853 152,00';'7448240495'
'2861300193923000254';'8613001939';'Поставка изделий медицинского назначения (цистоуретроскоп жесткий)';'552 798,17';'5501190150'
'2590807860324000204';'5908078603';'Поставка  расходных материалов для РХМДиЛ (Порт/катетер сосудистый)';'529 470,00';'7743340850'
'2890100486224000124';'8901004862';'Поставка лекарственного препарата для медицинского применения МНН Софосбувир';'2 777 821,20';'9724025863'
'2650901243324000164';'6509012433';'Поставка дезинфицирующих средств';'81 000,00';'6500001388'
'2860101020924000076';'8601010209';'Поставка специализированного энтерального питания';'181 920,00';'7810776309'
'2591759313524000052';'5917593135';'Тряпка для очистки поверхностей (микрофибра)';'4 034,27';'5914027773'
'2666208106624000148';'6662081066';"'Приобретение жилого помещения на территории г. Каменска-Уральского Свердловской области для детей-сирот и детей, оставшихся без попечения родителей, лиц из числа детей-сирот и детей, оставшихся без попечения родителей, в соответствии с постановлением Правительства Свердловской области от 24.10.2013 г. № 1296-ПП ""Об утверждении государственной программы Свердловской области ""Реализация основных направлений государственной политики в строительном комплексе Свердловской области».'";'2 853 152,00';'7448240495'
'2661204921123000337';'6612049211';'Поставка изделий медицинского назначения';'32 380,00';'463239397712'
'1021600168823000004';'0216001688';'Поставка тепловой энергии';'199 999,98';'0216007320'
'2666208106624000147';'6662081066';"'Приобретение жилого помещения на территории г. Каменска-Уральского Свердловской области для детей-сирот и детей, оставшихся без попечения родителей, лиц из числа детей-сирот и детей, оставшихся без попечения родителей, в соответствии с постановлением Правительства Свердловской области от 24.10.2013 г. № 1296-ПП ""Об утверждении государственной программы Свердловской области ""Реализация основных направлений государственной политики в строительном комплексе Свердловской области».'";'2 853 152,00';'7448240495'
'2590807860324000207';'5908078603';'Поставка лекарственного препарата для медицинского применения (МНН Секукинумаб)';'494 045,89';'7710106212'
'2253901023524000122';'2539010235';'Поставка реактивов и реагентов для автоматического гематологического анализатора серии ВС-5150, производства «Шэньчжэнь Миндрей (Mindray) Био-Медикал Электроникс Ко., Лтд», Китай.';'846 447,23';'2543056289'
'3424000443023000161';'4240004430';'Поставка лекарственных препаратов для медицинского применения';'150 425,00';'7724922443'
'2272301389423000235';'2723013894';'Поставка наборов реагентов к автоматическому анализатору VitaRay 300';'5 429 600,00';'2721177110'
'2650901243323000515';'6509012433';'Поставка лекарственного препарата для медицинского применения ИПРАТРОПИЯ БРОМИД+ФЕНОТЕРОЛ';'22 291,00';'2722023674'
'3424100228020000108';'4207034677';'Поставка дезинфицирующих салфеток';'24 000,00';'4205245760'
'2640200257724000058';'6402002577';'Поставка лекарственных препаратов';'8 998,50';'6453143784'
'2665801087324000011';'6658010873';'Поставка шовных материалов для офтальмохирургии';'100 656,36';'2129027669'
'3381900930824000003';'3819009308';'Поставка учебной литературы в 2024 году';'847 146,03';'3808147176'
'2590807860324000093';'5908078603';'Оказание услуг по транспортированию отходов медицинских, класс А	';'365 490,00';'5903153085'
'2745101305124000043';'7451013051';'Поставка материалов, необходимых для создания декораций к спектаклю «Тринадцатый номер»';'30 000,00';'7451383503'
'2241300165924000018';'2413001659';'Поставка медицинских изделий (зонд урогенитальный) для нужд КГБУЗ Ермаковская РБ 2024г.';'57 497,60';'2225181208'
'3424000414024000012';'4240004140';'Изготовление и монтаж оконных решеток';'210 000,00';'424001860384'
'2591759313524000051';'5917593135';'Средство моющее, жидкое, для посуды';'4 976,00';'5914027773'
'2382500367119000020';'3825003671';;'205 000,00';'3814016968'
'2650901243324000155';'6509012433';'Поставке фильтров очистки топлива для двигателей внутреннего сгорания';'21 600,00';'650401852427'
'2616800113224000027';'6168001132';'Медицинский инструментарий';'51 400,00';'5252046147'
'2241500190424000043';'2415001904';'Поставка реагентов для биохимического анализатора Mindray BS-240Pro (закрытая система)';'482 957,89';'2464153064'
'3424000443023000165';'4240004430';'Поставка лекарственных препаратов для медицинского применения';'237 330,00';'5047045359'
'3420800174823001094';'4208001748';'Поставка изделий медицинского назначения для кабинета РХМДиЛ (набор для введения сосудистого катетера)';'417 300,00';'780619020059'
'2300900586624000054';'3009005866';'Поставка тонометров механических ';'55 413,42';'7802630112'
'3550303724622000028';'5503037246';'Оказание услуг общедоступной почтовой связи по приему, обработке и доставке исходящей корреспонденции';'216 170,00';'5506230752'
'3861300750723000026';'8613007507';'Услуги частной охраны (Охранный (технический мониторинг)';'171 932,52';'8601047640'
'2616800113224000026';'6168001132';'Воронка ушная, многоразового использования';'20 700,00';'5252046147'
'3302200298424000003';'3022002984';'Масла, смазки и технические жидкости';'149 074,22';'5043077818'
'1540610310123000349';'5406103101';'Поставка технических средств реабилитации - специальных средств при нарушениях функций выделения для обеспечения в 2024 году';'349 349,20';'9701156690'
'2631917214024000009';'6319172140';'Поставка бумаги для офисной техники для нужд ГБУ СО ''СВО'' в 2024 г.';'71 344,00';'6316155932'
